topic,sentiment_mean,sentiment_std,subjectivity_mean,subjectivity_std,counting
Adaptation,0.09998987745494177,1.13236277149351,-0.14755524360321684,0.699450334742489,10.0
Causes,-0.050996014461540694,1.1769296954030155,0.1409931336064616,1.2276443125809293,101.0
Hazard,-0.02174907104171295,0.9340088166229122,-0.02946190940361572,0.9225603562609437,413.0
Impacts,0.16157052070698474,0.9231830971700227,-0.059587806158641045,0.8353338799353797,131.0
Mitigation,-0.25322201997523996,1.2173538109289168,-0.07015001135507819,0.6154299106248575,15.0
