topic,sentiment_mean,sentiment_std,subjectivity_mean,subjectivity_std,counting
Adaptation,-0.7461915576226001,1.0,,1.0,1.0
Causes,0.5085348169655358,1.3983163087368204,-0.08966453082645207,0.926245106043891,14.0
Hazard,-0.12842476154729385,0.9064970521051262,-0.10383572248792021,0.8081072176898866,77.0
Impacts,0.19059180359654418,0.6655492791245041,0.05506267014049905,0.6557444436813804,23.0
Mitigation,0.0050010035525149266,1.0070724870494425,,1.0,2.0
