topic,sentiment_mean,sentiment_std,subjectivity_mean,subjectivity_std,counting
Adaptation,0.0972858202782926,1.1294645096798062,-0.15065978021615478,0.7027220840568169,10.0
Causes,-0.04068024549256698,1.1683505953695574,0.12934677830682897,1.2187003303568675,104.0
Hazard,-0.017914731815616772,0.9346138897679845,-0.038177700730597154,0.9042218365307634,414.0
Impacts,0.1533224163752335,0.9264714306174716,-0.062488947768576275,0.8312299062960143,133.0
Mitigation,-0.30124534632101185,1.1712759996359041,0.2367353681693123,1.1660436464477397,17.0
