topic,sentiment_mean,sentiment_std,subjectivity_mean,subjectivity_std,counting
Adaptation,0.08909480600079034,1.1390662012463877,-0.15205657324976402,0.6779188651443863,10.0
Causes,-0.006718205428287708,1.162351430549563,0.12316068325228151,1.2103446517370877,111.0
Hazard,-0.013540766152205123,0.9364580350805017,-0.03787617618711348,0.903852004985379,427.0
Impacts,0.135662856647641,0.919091869264438,-0.05668028059901988,0.8367235527171272,133.0
Mitigation,-0.4132575275979636,1.1273977964288502,0.1539827898005163,1.0868430965880878,20.0
