topic,sentiment_mean,sentiment_std,subjectivity_mean,subjectivity_std,counting
Adaptation,-0.07777777777777778,1.0,0.0,1.0,1.0
Causes,0.2691263642886662,1.6220895755026423,0.2037767767948952,1.202756382128366,7.0
Hazard,-0.11317844820780645,0.7905435188156907,-0.05034196058366249,0.8395970186170527,39.0
Impacts,0.4261591545244025,0.6286637830718569,-0.052068310999722804,0.44166223588936004,10.0
Mitigation,0.9744179489657901,1.0,,1.0,1.0
