topic,sentiment_mean,sentiment_std,subjectivity_mean,subjectivity_std,counting
Adaptation,0.06359167012892843,1.1306872459918704,-0.10942166719770637,0.6246421834722586,10.0
Causes,-0.07553280838814497,1.2303188182505063,0.009182686467079232,1.0777358346698545,84.0
Hazard,-0.01483948802924148,0.9213434260773616,-0.025690868038270614,0.9016265649654757,364.0
Impacts,0.14123407583336042,0.9326036292828332,-0.04717131502328174,0.7842037902669136,114.0
Mitigation,-0.09602507262717379,1.2148536260240501,-0.0862971535147574,0.5404327051919473,12.0
