topic,sentiment_mean,sentiment_std,subjectivity_mean,subjectivity_std,counting
Adaptation,-0.7461915576226001,1.0,,1.0,1.0
Causes,0.5558274282811821,1.3242848490735935,-0.10464147803650138,0.894360325800597,16.0
Hazard,-0.11388162209679945,0.9048432579729482,-0.08917621035320682,0.831533788099342,88.0
Impacts,0.13325627110708305,0.7249672876002258,0.010124108615141783,0.5912470127941694,25.0
Mitigation,-0.11497075129582865,0.8374068042412149,,1.0,2.0
