topic,sentiment_mean,sentiment_std,subjectivity_mean,subjectivity_std,counting
Adaptation,-0.038172202928543106,1.1958689790877497,-0.18881322856921995,0.3876455770625701,10.0
Causes,0.10016978376628569,1.1442428023455067,-0.04238914341333277,0.9066550084741922,52.0
Hazard,-0.009796871483041328,0.9018742848799344,0.0012640116369150303,0.9544951900292564,226.0
Impacts,0.03876196297748136,0.9833477936278843,-0.12482684837271622,0.6277798136764359,81.0
Mitigation,-0.12981957675911526,1.3258129886285026,0.000896644085840248,0.6163564193859546,10.0
