topic,sentiment_mean,sentiment_std,subjectivity_mean,subjectivity_std,counting
Adaptation,0.09749800830000016,1.1931572265604107,1.5652475842498528,1.0,2.0
Causes,0.21092127416116505,1.213701033761402,-0.0662745195024145,0.8759879149007481,34.0
Hazard,-0.07043383697939565,0.9260889194070029,-0.07306161849306567,0.8407276747478434,119.0
Impacts,0.04034061370968994,0.8389463357576321,-0.07374793012640403,0.6244740650417234,50.0
Mitigation,0.4607559530846624,1.5694181419653395,-0.30801582952189516,1.0,3.0
