keyword,sentiment_mean,sentiment_std,subjectivity_mean,subjectivity_std,counting
'Erwärmung',-0.2260396924095466,1.0140179551323991,0.47890000168838354,0.9825109776623951,11.0
'Lawine',-0.2357022603955158,0.8164965809277259,,1.0,3.0
'Lawinenverbauung',0.7071067811865476,1.0,,1.0,1.0
'Neuschnee',-0.032892104713947046,0.7282067679577039,-0.510753842383403,0.30875278959467967,12.0
'Schneemassen',0.27302124917407683,0.516463403607486,0.1303743480567055,0.6281066410059498,6.0
