topic,sentiment_mean,sentiment_std,subjectivity_mean,subjectivity_std,counting
Adaptation,0.02168393953938898,1.1773550589914212,-0.11397114463331386,0.5600953195005423,10.0
Causes,-0.013600492763646548,1.2333053776627236,-0.017343120994494896,0.9419895062983291,66.0
Hazard,-0.013885782494289102,0.9016458906450008,-0.014971848112737158,0.921380906683713,287.0
Impacts,0.10675088780096356,0.9528571188517645,-0.09190133244527382,0.7527382293392194,99.0
Mitigation,-0.11025642534492244,1.2879227798377166,0.017511898969227956,0.7021246787373544,10.0
