week,sentiment_mean,sentiment_std,subjectivity_mean,subjectivity_std,counting
2025-38,0.26079373727762306,0.657373591955426,-0.08850562395474282,0.8092754216476689,7.0
2025-39,0.02144879421513929,0.708861801610323,-0.7952822748501323,0.07636221750389811,4.0
2025-40,-0.10084799227535338,0.6851229746938626,0.03545301191408008,0.38017170845046383,9.0
2025-41,-0.472689468947892,0.914780347032994,0.7944805536606069,0.6884963498331568,4.0
2025-42,,1.0,0.7071067811865475,1.0,1.0
