topic,sentiment_mean,sentiment_std,subjectivity_mean,subjectivity_std,counting
causes,-0.032892104713947046,0.7282067679577039,-0.510753842383403,0.30875278959467967,12.0
hazard,-0.2357022603955158,0.8164965809277259,,1.0,3.0
impact,0.27302124917407683,0.516463403607486,0.1303743480567055,0.6281066410059498,6.0
mitigation,0.7071067811865476,1.0,,1.0,1.0
