topic,sentiment_mean,sentiment_std,subjectivity_mean,subjectivity_std,counting
Adaptation,0.07736956055191672,1.1197592167173012,-0.14249061844205627,0.6401501538288349,10.0
Causes,-0.07032398709393925,1.205629753778095,0.012387651094233041,1.0620869623597975,91.0
Hazard,-0.016155950556393787,0.9257582708128341,-0.00906904681731772,0.947853842818457,372.0
Impacts,0.14546351028067653,0.9320410070300698,-0.06963686398711232,0.761401963570829,115.0
Mitigation,-0.09300534411765497,1.2230689377370425,-0.11062943225431451,0.5012053812471935,12.0
