keyword,sentiment_mean,sentiment_std,subjectivity_mean,subjectivity_std,counting
'Erwärmung',-0.3614234651471916,0.9291393071710731,0.5262871911164339,1.422435868300614,11.0
'Lawine',-0.11317844820780645,0.7905435188156907,-0.05034196058366249,0.8395970186170527,39.0
'Lawinenverbauung',0.9744179489657901,1.0,,1.0,1.0
'Neuschnee',0.054592880474164295,0.837032167720332,-0.23103237081361963,0.5918386477555289,23.0
'Risikomanagement Lawinen',-0.07777777777777778,1.0,0.0,1.0,1.0
'Schneemassen',0.45763715582076464,0.6583868124448887,-0.058576849874688156,0.47169515689231356,9.0
'Sonneneinstrahlung Schnee',0.27832346120014956,1.7767101569405679,-0.24059600934913428,0.2778907050464219,6.0
'Temperaturanstieg',0.21394378281976642,1.0,2.870013493659072,1.0,1.0
'Verschüttete Lawine',0.14285714285714285,1.0,0.0,1.0,1.0
