keyword,sentiment_mean,sentiment_std,subjectivity_mean,subjectivity_std,counting
'Erwärmung',-0.3614234651471916,0.9291393071710731,0.5262871911164339,1.422435868300614,11.0
'Lawine',-0.11175441162800326,0.790327105327099,-0.050393823958152506,0.8334960686263575,38.0
'Lawinenverbauung',0.9744179489657901,1.0,,1.0,1.0
'Neuschnee',0.052273882571689294,0.8393380070118643,-0.23218900428626257,0.5922951686794614,23.0
'Risikomanagement Lawinen',-0.07777777777777778,1.0,0.0,1.0,1.0
'Schneemassen',0.44497550176705325,0.6278835226101994,-0.061613012740375846,0.4745852145141601,9.0
'Sonneneinstrahlung Schnee',0.27832346120014956,1.7767101569405679,-0.24059600934913428,0.2778907050464219,6.0
'Temperaturanstieg',0.21394378281976642,1.0,2.870013493659072,1.0,1.0
'Verschüttete Lawine',0.14285714285714285,1.0,0.0,1.0,1.0
