keyword,sentiment_mean,sentiment_std,subjectivity_mean,subjectivity_std,counting
'Erwärmung',-0.16183602215337003,1.0439186873319772,0.4522875228798464,1.1948110967984178,11.0
'Lawine',-0.132559963176104,0.9188519243445449,-0.07539965089143344,0.8296867517706585,33.0
'Lawinenverbauung',0.7071067811865476,1.0,,1.0,1.0
'Neuschnee',-0.05959503773759202,0.7284562573969144,-0.36098694964328565,0.4164161288801905,13.0
'Schneemassen',0.5920653473380841,0.6585224134722651,-0.11925636385659394,0.4029619690999366,9.0
'Temperaturanstieg',0.3937156118578952,1.0,2.57272108163687,1.0,1.0
'Verschüttete Lawine',0.14285714285714285,1.0,0.0,1.0,1.0
