topic,sentiment_mean,sentiment_std,subjectivity_mean,subjectivity_std,counting
Adaptation,0.19743091250175987,1.051830758110951,0.5784996468929948,1.3954723156537456,2.0
Causes,0.09860457698068963,1.1636623746432995,-0.0360909488087186,0.9396303103966235,46.0
Hazard,-0.005439965252777163,0.9100734594117167,-0.00030835185799204916,0.9295116296540422,182.0
Impacts,0.031249361461284937,0.9213454367597051,-0.1644085422551396,0.614389329497823,65.0
Mitigation,-0.42001932400917663,1.5338446349371844,-0.3138437792139265,0.03724273691570587,7.0
