week,sentiment_mean,sentiment_std,subjectivity_mean,subjectivity_std,counting
2025-38,-0.0024717258512797174,0.47732972139520824,0.14872204531408514,1.2881350613201534,7.0
2025-39,0.037746723454530805,0.654803910070552,-0.48940859620787014,0.16271919465792048,5.0
2025-40,-0.09699882758429251,0.700631843368716,0.15599518735107976,0.6129202820965004,11.0
2025-41,-0.5681066097375596,1.3207714235954615,0.20813570779558394,1.3646137353606584,7.0
2025-42,0.16388265608413924,0.15347776979574546,0.7352128599249017,0.9626419497318403,3.0
2025-43,-0.0739531837747832,0.7946631744502588,0.00796518210720393,0.8234057858765117,38.0
2025-44,0.3736320932158266,1.136326900573398,-0.21470643586649873,0.8287893046552668,19.0
