week,sentiment_mean,sentiment_std,subjectivity_mean,subjectivity_std,counting
2025-38,0.259132652376545,0.7028044661261551,0.06403653259823111,0.8733011973613091,7.0
2025-39,0.1284657843862342,0.7615360048517757,-0.6576128476797358,0.06026137132967204,5.0
2025-40,-0.2080984013771636,0.7178407446115939,0.0812159435102213,0.563045392582682,10.0
2025-41,-0.7127358382588825,1.206636078128424,1.1190160880780369,0.9798611404115398,4.0
2025-42,0.4639767022614384,1.0,0.23896483738107432,1.2950458479008558,2.0
2025-43,0.21310107460277572,0.6283582061490551,-0.6079746717016395,0.0596986413478081,5.0
