topic,sentiment_mean,sentiment_std,subjectivity_mean,subjectivity_std,counting
Adaptation,0.08955192793381025,1.1380767452501586,-0.1473470580585529,0.7018203740045961,10.0
Causes,-0.03562138482110442,1.1435527587648686,0.12333598552247628,1.215377493261964,108.0
Hazard,-0.009848380424866434,0.940584649473133,-0.03838411201077943,0.9005884732170159,426.0
Impacts,0.1382184773732455,0.923226822098792,-0.05775215397552602,0.8382530285304295,133.0
Mitigation,-0.39388628422869937,1.185082911440282,0.2025000655538748,1.1388992607506523,18.0
