topic,sentiment_mean,sentiment_std,subjectivity_mean,subjectivity_std,counting
causes,-0.381074411921624,0.7035262497211558,-0.5644664012375077,0.4616519879522821,6.0
hazard,0.36605339059327374,0.48232233047033624,0.0,1.0,2.0
impact,0.2934361464165918,0.5406918041055246,0.025245310429357147,0.46312106479238724,6.0
