topic,sentiment_mean,sentiment_std,subjectivity_mean,subjectivity_std,counting
Adaptation,0.09998987745494177,1.13236277149351,-0.14755524360321684,0.699450334742489,10.0
Causes,-0.05011522041506422,1.1765832183710017,0.14105133724005597,1.2276300334072348,101.0
Hazard,-0.020128370542174426,0.9339157565003782,-0.029152941937019176,0.923891113846011,413.0
Impacts,0.15388504244436343,0.9261955755805823,-0.06017700268178483,0.8321402669066363,132.0
Mitigation,-0.24947448165634029,1.2176909281545671,-0.06987285119510493,0.6153876504362621,15.0
