week,sentiment_mean,sentiment_std,subjectivity_mean,subjectivity_std,counting
2025-38,-0.015976989034334026,0.4724237027900036,0.16008366167205595,1.3139947582740146,7.0
2025-39,0.019755112459954406,0.6635226021543461,-0.48606081897223696,0.1656646776206559,5.0
2025-40,-0.10081825645797084,0.7042705925956142,0.16077901228052643,0.6226596330622425,11.0
2025-41,-0.5794294214642731,1.3255277660477518,0.219663441688813,1.3894291513911796,7.0
2025-42,0.14848264360568128,0.18015137384562935,0.7380026742879293,0.9578098495113909,3.0
2025-43,-0.08631191236779817,0.7905500972205687,0.010356451561227656,0.822265006750007,38.0
2025-44,0.39603048960111814,1.116385829148788,-0.21985045672680734,0.804972748596278,20.0
