topic,sentiment_mean,sentiment_std,subjectivity_mean,subjectivity_std,counting
Adaptation,-0.12768561615096588,0.5920465539386053,0.3021918946121463,1.004714144989344,2.0
Causes,0.10804789308680751,1.1326305563294221,-0.018227748495127455,0.9460111112755973,49.0
Hazard,-0.007986894717622865,0.9043516598004492,-0.0037760429212903394,0.9259463784881018,186.0
Impacts,0.04992517759679029,0.9614950835253666,-0.14167889506398107,0.6463979228519906,65.0
Mitigation,-0.42001932400917663,1.5338446349371844,-0.3138437792139265,0.037242736915705885,7.0
