topic,sentiment_mean,sentiment_std,subjectivity_mean,subjectivity_std,counting
Adaptation,-0.7461915576226001,1.0,,1.0,1.0
Causes,0.5032860877245157,1.4064106695078142,-0.08863127919343884,0.9258882194975838,14.0
Hazard,-0.10159055629240367,0.9102178921066185,-0.0931248762678437,0.8237547108502971,88.0
Impacts,0.16188950005389863,0.7033913651332185,0.00875812517100014,0.5920998186731717,25.0
Mitigation,-0.11497075129582865,0.8374068042412149,,1.0,2.0
