week,sentiment_mean,sentiment_std,subjectivity_mean,subjectivity_std,counting
2025-38,0.43655081471142587,0.5647473375044578,-0.11793249698847863,0.6929500532306364,5.0
2025-39,-0.5970877020033609,1.0,-0.8659525213602587,1.0,1.0
2025-40,0.025000000000000005,1.0,0.0,1.0,1.0
2025-41,-0.5282915928884422,0.4015340430590024,0.3972370849089963,0.46420373677245946,4.0
2025-42,0.0,1.0,0.2,1.0,1.0
