topic,sentiment_mean,sentiment_std,subjectivity_mean,subjectivity_std,counting
Adaptation,0.24154981775962078,0.9894372039382304,0.5326237921249264,1.4603505716522065,2.0
Causes,0.13315901444844938,1.201567336613253,-0.02476761935943092,0.9396480818680143,43.0
Hazard,-0.045432102547610764,0.9066534993463401,-0.008454162599557362,0.9304739108471393,163.0
Impacts,0.042844104179183766,0.9351374621879512,-0.16208935052387868,0.6162992334598926,63.0
Mitigation,0.175271160718095,1.3933608634807502,-0.2910038650756561,0.046393241022872365,5.0
