topic,sentiment_mean,sentiment_std,subjectivity_mean,subjectivity_std,counting
Adaptation,0.0972858202782926,1.1294645096798062,-0.15065978021615478,0.7027220840568169,10.0
Causes,-0.032658449156836675,1.1699771558855379,0.1330259593845968,1.2219644906243126,104.0
Hazard,-0.01611902904299902,0.932295263102969,-0.03816802616837722,0.9038873484435599,415.0
Impacts,0.1531135059717044,0.9275990567594824,-0.06180764861955563,0.8327621243806593,133.0
Mitigation,-0.36963154161974704,1.1726503256198404,0.19724228858442786,1.140781167050825,18.0
