topic,sentiment_mean,sentiment_std,subjectivity_mean,subjectivity_std,counting
Adaptation,0.24154981775962078,0.9894372039382304,0.5326237921249264,1.4603505716522065,2.0
Causes,0.1321082837263092,1.203061265878137,-0.03765268340697038,0.9171625144410815,43.0
Hazard,-0.05092318531358809,0.9048730263716783,-0.009586961852025557,0.9270669966600207,161.0
Impacts,0.06027699649000485,0.9387677199628145,-0.15389753454144037,0.6397741774043116,57.0
Mitigation,0.22210332559475643,1.3344056948219711,-0.2936279872056338,0.0501043101284102,5.0
