topic,sentiment_mean,sentiment_std,subjectivity_mean,subjectivity_std,counting
Adaptation,-0.07777777777777778,1.0,0.0,1.0,1.0
Causes,0.5127758988575817,1.4030568431983175,-0.122420316747238,0.8994209559445504,14.0
Hazard,-0.17077177459287757,0.8593232732522872,-0.08063474941244062,0.7949555018799137,64.0
Impacts,0.3558031777609932,0.45567279297503954,0.05760033461440246,0.5298776658534161,12.0
Mitigation,0.9744179489657901,1.0,,1.0,1.0
