topic,sentiment_mean,sentiment_std,subjectivity_mean,subjectivity_std,counting
Adaptation,0.08909480600079034,1.1390662012463877,-0.15205657324976402,0.6779188651443863,10.0
Causes,-0.006865315087012118,1.1617462577366113,0.12284053928252794,1.2103263853174846,111.0
Hazard,-0.013678030034642904,0.9369660374918554,-0.0376498081793336,0.9040605175344313,426.0
Impacts,0.13585270769797952,0.917963611892802,-0.05732906442243954,0.835192885397664,133.0
Mitigation,-0.41145426673008495,1.125551721165337,0.15337001600710498,1.0871210789088088,20.0
