topic,sentiment_mean,sentiment_std,subjectivity_mean,subjectivity_std,counting
Causes,-0.02721570562362865,0.7102867717852942,-0.13531710108327372,0.9060914082827867,14.0
Hazard,-0.132559963176104,0.9188519243445449,-0.07539965089143344,0.8296867517706585,33.0
Impacts,0.5471445268899899,0.6369042630165932,-0.10600565676141684,0.3790267617464307,10.0
Mitigation,0.7071067811865476,1.0,,1.0,1.0
