week,sentiment_mean,sentiment_std,subjectivity_mean,subjectivity_std,counting
2025-38,0.2771209817257665,0.6150201644529091,0.023774923548379227,1.1150403309401051,7.0
2025-39,0.09700796303762335,0.7545119471178303,-0.5194738261536231,0.14424875649984367,5.0
2025-40,-0.08533871289907159,0.8351595413712051,0.08202784540563438,0.4822892289228793,11.0
2025-41,-1.0057804190996193,1.1262754855356414,0.6899309280100139,1.3169199534683453,4.0
2025-42,0.40214167471214546,0.13839257081320186,0.5369665817078151,1.36193492116733,2.0
2025-43,-0.10263717487189628,0.8838006327298364,-0.0009348725453430282,0.8674924153859235,28.0
2025-44,0.35411462673881106,0.915823757582095,-0.1849662078720348,0.9323778763350963,12.0
