topic,sentiment_mean,sentiment_std,subjectivity_mean,subjectivity_std,counting
Adaptation,0.0972858202782926,1.1294645096798062,-0.15065978021615478,0.7027220840568169,10.0
Causes,-0.04069148310203486,1.1679041515383473,0.12735282918179733,1.2157652017215048,104.0
Hazard,-0.01817825215074592,0.9342216381579217,-0.03865590942631989,0.9041134166745874,414.0
Impacts,0.15519559600731145,0.9285281226778319,-0.0596013285944188,0.8337611750894016,132.0
Mitigation,-0.30019014077006956,1.1639531948703121,0.2341580200917175,1.1677177693497416,17.0
