topic,sentiment_mean,sentiment_std,subjectivity_mean,subjectivity_std,counting
Adaptation,-0.07777777777777778,1.0,0.0,1.0,1.0
Causes,0.1170584088559782,1.0472851806406365,-0.12732940004702706,0.7842107354444516,30.0
Hazard,-0.13244643364408568,0.775006415745571,-0.04330616881394523,0.8455205443143751,37.0
Impacts,0.41948832761522237,0.5971263335884105,-0.055697060556898874,0.44515409721256066,10.0
Mitigation,0.9744179489657901,1.0,,1.0,1.0
