topic,sentiment_mean,sentiment_std,subjectivity_mean,subjectivity_std,counting
causes,-0.04108333333333336,0.6794378633732339,0.03333333333333333,0.6705442786495383,10.0
hazard,-0.04583333333333332,0.10017346066809422,0.0,0.0,2.0
