topic,sentiment_mean,sentiment_std,subjectivity_mean,subjectivity_std,counting
Adaptation,-0.7461915576226001,1.0,,1.0,1.0
Causes,0.2312526682475478,1.2451912819922506,-0.03496346267441818,0.8664318025796344,31.0
Hazard,-0.07918022626071977,0.9329486704840313,-0.06116633517222163,0.8619025745656475,112.0
Impacts,0.09152874780132393,0.7973375296202627,-0.11980251830337345,0.5989483760152473,42.0
Mitigation,-0.22348431413252712,1.310349399554413,,1.0,2.0
