week,sentiment_mean,sentiment_std,subjectivity_mean,subjectivity_std,counting
2025-38,-0.015976989034334026,0.4724237027900036,0.16008366167205595,1.3139947582740146,7.0
2025-39,0.030422502811339402,0.6478875125871748,-0.4812029583871366,0.16674107394522594,5.0
2025-40,-0.10081825645797084,0.7042705925956142,0.16077901228052643,0.6226596330622425,11.0
2025-41,-0.5696873802214603,1.3294769755908744,0.22313334210674177,1.3874594296541605,7.0
2025-42,0.14848264360568128,0.18015137384562935,0.7380026742879293,0.9578098495113909,3.0
2025-43,-0.07808743195630914,0.7890226370063654,0.01951585632073473,0.8383005019006966,38.0
2025-44,0.3565022998061508,1.126572306279261,-0.2277087365008569,0.782791261900152,21.0
