topic,sentiment_mean,sentiment_std,subjectivity_mean,subjectivity_std,counting
Adaptation,0.1074255897140807,1.1270545094431619,-0.15237254369925218,0.7031907525704678,10.0
Causes,-0.04930491581717923,1.17580603027567,0.1406497601868245,1.2276859944590681,101.0
Hazard,-0.01751456828954378,0.9347621831019677,-0.04039210085725835,0.9035624449801097,412.0
Impacts,0.15470606698871697,0.9266016052865552,-0.060912468345301674,0.8326562306574987,132.0
Mitigation,-0.3000159072650918,1.1613364119667222,0.2323702533320216,1.1676251362729901,17.0
