topic,sentiment_mean,sentiment_std,subjectivity_mean,subjectivity_std,counting
Adaptation,0.08909480600079034,1.1390662012463877,-0.15205657324976402,0.6779188651443863,10.0
Causes,-0.00845899055956381,1.161163679569642,0.1203660445087261,1.2069547847770357,111.0
Hazard,-0.015451378816887353,0.9359688160890723,-0.03816775635323408,0.9028386176405335,426.0
Impacts,0.13345970278201008,0.91806496218316,-0.057957669896912346,0.8354264862520447,133.0
Mitigation,-0.3866293982809683,1.1803997011673182,0.20514751577667603,1.1402310044069721,18.0
