topic,sentiment_mean,sentiment_std,subjectivity_mean,subjectivity_std,counting
Adaptation,-0.07777777777777778,1.0,0.0,1.0,1.0
Causes,0.10287279497231724,1.0428435499376825,-0.12319755901597311,0.7863148030707378,30.0
Hazard,-0.11175441162800326,0.790327105327099,-0.050393823958152506,0.8334960686263575,38.0
Impacts,0.4147636658760622,0.5996341195757551,-0.05476712243588964,0.4444086306909098,10.0
Mitigation,0.9744179489657901,1.0,,1.0,1.0
