keyword,sentiment_mean,sentiment_std,subjectivity_mean,subjectivity_std,counting
'Erwärmung',-0.12421556827998678,0.6645238076826485,0.11560445716887563,0.6555053645015028,9.0
'Lawine',-0.04583333333333332,0.10017346066809422,0.0,0.0,2.0
'Neuschnee',0.7071067811865475,1.0,-0.7071067811865475,1.0,1.0
