keyword,sentiment_mean,sentiment_std,subjectivity_mean,subjectivity_std,counting
'Erwärmung',-0.13735420762684553,0.8148631753093526,0.22408839873968886,0.8236365301884156,11.0
'Lawine',0.36605339059327374,0.48232233047033624,0.0,1.0,2.0
'Neuschnee',-0.381074411921624,0.7035262497211558,-0.5644664012375077,0.4616519879522821,6.0
'Schneemassen',0.2934361464165918,0.5406918041055246,0.025245310429357147,0.46312106479238724,6.0
