topic,sentiment_mean,sentiment_std,subjectivity_mean,subjectivity_std,counting
Adaptation,-0.7461915576226001,1.0,,1.0,1.0
Causes,0.5085348169655358,1.3983163087368204,-0.08966453082645207,0.926245106043891,14.0
Hazard,-0.11154451231195987,0.9055526647381592,-0.09829814720397456,0.8127393030497366,83.0
Impacts,0.1651182138700036,0.7015942483876549,0.029154293238061315,0.6364963875050978,25.0
Mitigation,-0.11497075129582865,0.8374068042412149,,1.0,2.0
