topic,sentiment_mean,sentiment_std,subjectivity_mean,subjectivity_std,counting
Adaptation,-0.7461915576226001,1.0,,1.0,1.0
Causes,0.5669106913446474,1.275534031105793,-0.10258186713102038,0.8616312679220951,18.0
Hazard,-0.10231295831689036,0.9221420223211688,-0.09772561272896263,0.827103207951235,101.0
Impacts,0.07593819298168109,0.774685001055602,0.03264794342190876,0.5965439249990785,30.0
Mitigation,-0.22348431413252712,1.310349399554413,,1.0,2.0
