topic,sentiment_mean,sentiment_std,subjectivity_mean,subjectivity_std,counting
Adaptation,0.08955192793381025,1.1380767452501586,-0.1473470580585529,0.7018203740045961,10.0
Causes,-0.031469650264561055,1.1512218079088865,0.1222719078277548,1.2107908780533219,108.0
Hazard,-0.014930096910671127,0.9349189012964543,-0.03858888614413379,0.9013528404272301,422.0
Impacts,0.14951362923488337,0.9300552855300344,-0.05741068789700179,0.8379646738041004,133.0
Mitigation,-0.3890726672437954,1.1895824574459977,0.2013716454412566,1.138517978906413,18.0
