topic,sentiment_mean,sentiment_std,subjectivity_mean,subjectivity_std,counting
Adaptation,0.08638808730735148,1.151346794456095,-0.15889960730016303,0.6855074935867421,10.0
Causes,-0.07209716696504141,1.1871082073908024,0.04956179458963822,1.1538407680961376,95.0
Hazard,-0.022284949740860514,0.9312954578068086,-0.010148313906000406,0.9436404028628401,398.0
Impacts,0.17464889470904327,0.9218301162693211,-0.050885935757565795,0.8393013544068424,128.0
Mitigation,-0.22923743133466593,1.1998520179900265,-0.059879126390398954,0.5939369014240333,15.0
